tltle,company,location,link
[개발]Python 백엔드 개발자(정규직),위메프,대한민국,https://www.indeed.com/viewjob?jk=a4946f6098077a45
Data Scientist,"Koniag, Inc.",대한민국,https://www.indeed.com/viewjob?jk=193bfe67eed05c31
2020 Market Data Analyst - Seoul (Korean Speaker),Bloomberg,서울,https://www.indeed.com/viewjob?jk=212ca67d161b7162
데이터 엔지니어,네오위즈,대한민국,https://www.indeed.com/viewjob?jk=f3fdca21123cbf1a
Data Scientist,이베이 코리아,대한민국,https://www.indeed.com/viewjob?jk=a000c1253a31fe78
Korea Structuring Junior,Credit Suisse,대한민국,https://www.indeed.com/viewjob?jk=bd2ac72a81296d15
Process & Data Scientist,Applied Materials Inc.,대한민국,https://www.indeed.com/viewjob?jk=e56ad55002666f4c
"Design Consultant, Staff",Synopsys,대한민국,https://www.indeed.com/viewjob?jk=65c4c2209aa2d9f2
"자동화사업부 소프트웨어팀(open,C++,Python,영상, 비젼)충원함",엠코프,서울특별시,https://www.indeed.com/viewjob?jk=152d5de499417839
[S/W] Computer Vision for Robotics,현대자동차그룹,대한민국,https://www.indeed.com/viewjob?jk=7ad5a3e2d65c839f
보훈대상자 인재 채용,네오위즈,대한민국,https://www.indeed.com/viewjob?jk=dfcb86f156623e5c
[AI R&D] Language AI(NLP) Research 분야 수시 채용,엔씨소프트,성남 판교역,https://www.indeed.com/viewjob?jk=f4190a8dbb8c05b1
Machine Learning Researcher (Intern),Qualcomm Korea YH,서울,https://www.indeed.com/viewjob?jk=0f7993638aee82bd
[S/W] 대화 플랫폼 기획,현대자동차그룹,대한민국,https://www.indeed.com/viewjob?jk=c7f20897b0a526c5
Software Engineer Intern,Intel,서울,https://www.indeed.com/viewjob?jk=153b61bfd2b5f9d1
2020년도 국비기술교육생,대한상공회의소 광주인력개발원,광주 광산구,https://www.indeed.com/viewjob?jk=09682af104f3eaac
"빅데이터, 인공지능(AI) 외 신입/경력 정규직",thecompany,경상남도,https://www.indeed.com/viewjob?jk=2b7bc67cebf49cc0
Developer / Designer recruit,마이뮤직테이스트,서울 논현동,https://www.indeed.com/viewjob?jk=55a19c92c845685e
KDI 직원,한국개발연구원,세종특별자치시,https://www.indeed.com/viewjob?jk=9765374366b2c496
신한AI 인공지능(AI) 인력,신한에이아이,서울 영등포구,https://www.indeed.com/viewjob?jk=cef1451cb206ab1a
데이터 엔지니어,리디,서울특별시,https://www.indeed.com/viewjob?jk=1937ebb0ea172f08
[R&D] 인포테인먼트 S/W 플랫폼개발,현대자동차그룹,대한민국,https://www.indeed.com/viewjob?jk=e8ff7366fdc94a33
[해외취업] AI 엔지니어,株式会社ASCOM,대한민국,https://www.indeed.com/viewjob?jk=cdc69e78bbccefd3
Systems Engineer,Hewlett Packard Enterprise,대전,https://www.indeed.com/viewjob?jk=6ed2963730d3c340
"IT Analyst, E-Commerce",Procter & Gamble,서울,https://www.indeed.com/viewjob?jk=784cd549a392c126
"Analog Design Engr, Sr I",Synopsys,경기도 성남,https://www.indeed.com/viewjob?jk=2bf26529770cdc22
전략솔루션 본부 인턴,현대자산운용,대한민국,https://www.indeed.com/viewjob?jk=e795dbc603d84601
Deep Learning R&D Engineer,Intel,서울,https://www.indeed.com/viewjob?jk=58613b11ebe8779c
"[SK증권] 주식운용팀, 프랍운용팀 Internship 시행",SK증권,서울 영등포구,https://www.indeed.com/viewjob?jk=3e09288927b991a6
보험 신규사업 비즈니스 분야 담당자 영입,카카오페이,성남 분당구,https://www.indeed.com/viewjob?jk=e30f23f4f814b717
2020 Market Data Analyst - Seoul (Korean Speaker),Bloomberg,서울,https://www.indeed.com/viewjob?jk=212ca67d161b7162
데이터 분석가 영입,카카오모빌리티,성남 분당구,https://www.indeed.com/viewjob?jk=5fb443efe7acf5ab
[서울/수원/천안] IT 분야 취업 연계 훈련생,휴먼교육센터,천안 동남구,https://www.indeed.com/viewjob?jk=b3bde1882ae8a1d8
카카오톡 보이스톡/페이스톡/라이브톡 개발자,카카오,성남 판교역,https://www.indeed.com/viewjob?jk=d585814d097935eb
[클라우드그램] 2020년 하반기 부문별,클라우드그램,서울 강남구,https://www.indeed.com/viewjob?jk=a427468a8c899737
"MVP 개발 엔지니어(서버, 웹프론트) (정규직, 계약직, 프리랜서)",더테스터,대전 중구,https://www.indeed.com/viewjob?jk=1748baa27965fdbf
Senior Field Service Engineer,Huntington Ingalls Industries Inc.,경기도 평택,https://www.indeed.com/viewjob?jk=d5be40de21d8637a
Research Engineer - Machine Learning,AITRICS,서울,https://www.indeed.com/viewjob?jk=05ce3c7d5c6c368c
"R&D Engineer, Sr I",Synopsys,서울,https://www.indeed.com/viewjob?jk=432b169b273d9964
Marketing Data Engineer,네오위즈,대한민국,https://www.indeed.com/viewjob?jk=97968c185e65d31a
NAVER IDC 서버 운영/관리(평촌),NIT Service,안양 동안구,https://www.indeed.com/viewjob?jk=097c35ed002a62e5
TOAST CAM 임베디드 개발,NHN,성남 판교역,https://www.indeed.com/viewjob?jk=1a75ce748c5f24e9
[해외취업] 【AI・RPAエンジニア】経験半年の方も歓迎 10ヵ国の技術者が在籍,株式会社リープ,대한민국,https://www.indeed.com/viewjob?jk=bad0f76842269b46
추천 통계분석/데이터사이언티스트,카카오,성남 판교역,https://www.indeed.com/viewjob?jk=bfe0f5ac4f32ec89
2020년 하반기 경력사원 (IT(Digital Transformation)부문),LG상사,서울 종로구,https://www.indeed.com/viewjob?jk=8cc9b4c1f8813564
추천 시스템 연구/개발,카카오,성남 판교역,https://www.indeed.com/viewjob?jk=be6c1f03fa566f8e
Analog Design Engineer(High-Speed Interface),Synopsys,경기도 성남,https://www.indeed.com/viewjob?jk=d74aa20a454507fd
Back-end Engineer (Python),Soomgo,서울 강남구,https://www.indeed.com/viewjob?jk=752a4b5d63eac97c
Data Engineer,NHN godo,서울 구로구,https://www.indeed.com/viewjob?jk=3a8cf7e51ca14e44
2020년 하반기 (Data Scientist),씨젠,서울 송파구,https://www.indeed.com/viewjob?jk=4cb1a2777a4d00c8
글로벌 여행 스타트업 Trazy - 백엔드 개발자 (Python),트레이지(Trazy),서울 중구,https://www.indeed.com/viewjob?jk=7c3e870969914d57
[S/W] 인포테인먼트 소프트웨어 개발 (서버 개발),현대자동차그룹,대한민국,https://www.indeed.com/viewjob?jk=00c6b313d7d4d2d3
광고팀 - 분석가,Nexon,성남 분당구,https://www.indeed.com/viewjob?jk=3a08c7089343733d
FPGA 플랫폼 엔지니어(딥러닝 하드웨어 프로세서 개발),딥엑스,성남 분당구,https://www.indeed.com/viewjob?jk=00a89d974a463f1f
[기술플랫폼실] 정보보호 담당자 영입,카카오페이,성남 분당구,https://www.indeed.com/viewjob?jk=6e9819bc1b7015c9
[국내 손해보험회사] 디지털혁신팀 3개 포지션 (대리-차장급),yesconsulting,서울 서대문구,https://www.indeed.com/viewjob?jk=f2d5594999bad220
"(송파구 문정동) 응용 프로그래머 (C++, C#, Python)",심네트,서울 용산구,https://www.indeed.com/viewjob?jk=9bd34e14c7523d31
"Technical Solutions Consultant, Android TV Partner Engineering",Google,서울,https://www.indeed.com/viewjob?jk=7c9e43f7aca62f24
침해사고대응 인력 채용,엔씨소프트,성남 판교역,https://www.indeed.com/viewjob?jk=4373a26b76573d8a
플랫폼 채팅모듈 개발자,Nexon,성남 분당구,https://www.indeed.com/viewjob?jk=3b752abecf619fe5
[기술기획] 클라우드 플랫폼 개발자,한국카카오은행,성남 분당구,https://www.indeed.com/viewjob?jk=064270aae627e45b
Machine Learning Researcher – Audio and Speech,Qualcomm Korea YH,서울,https://www.indeed.com/viewjob?jk=aea07d26df8ae423
전기자동차 응용 소트프웨어 신입/경력 정규직 (PC / Smart폰 App. 개발),에디슨테크,대전 유성구,https://www.indeed.com/viewjob?jk=3d5b1b1bce167058
AI 연구/개발 직군 모집,넷마블,서울 구로구,https://www.indeed.com/viewjob?jk=481f953ccaa4bc96
"[정규직]개발자(수집시스템개발, 카피킬러서비스운영)채용",㈜무하유는,대한민국,https://www.indeed.com/viewjob?jk=37aebf847064b980
[R&D] 연료전지시스템 제어 SW 개발,현대자동차그룹,대한민국,https://www.indeed.com/viewjob?jk=56072bc50be2b22b
[전문연구요원] 상시,네이버,서울,https://www.indeed.com/viewjob?jk=b79c2ae536063b01
PMIC S/W APPS Engineering – Senior to Staff,Qualcomm CDMA Technologies (Korea) YH,서울,https://www.indeed.com/viewjob?jk=01cdfff2d55c2fa5
스마트팩토리 부문 경력직 [IIoT 개발],엘에스글로벌인코퍼레이티드,안양 동안구,https://www.indeed.com/viewjob?jk=3a40261b982f4ca6
[LS글로벌] 스마트팩토리 부문 경력직,엘에스글로벌인코퍼레이티드,안양 동안구,https://www.indeed.com/viewjob?jk=12dfb9f949492abd
NAVER IDC 서버 운영/관리(춘천),NIT Service,춘천 동면,https://www.indeed.com/viewjob?jk=de567c4b6b588c4c
AI/ 음성인식/ 차량보안/ 빅데이터/ IoT 등 R&D 부문 경력,현대오토에버,서울 강남구,https://www.indeed.com/viewjob?jk=483b5c30ed9ccb06
[AI검색플랫폼] 머신러닝 개발자,카카오엔터프라이즈,성남 분당구,https://www.indeed.com/viewjob?jk=dea246efe3aa55a7
Junior Quant Trader,Byzantine Partners,서울,https://www.indeed.com/viewjob?jk=25725b3c0e607311
(하나금융그룹/SK텔레콤 합작회사) 각 부문 경력직원,핀크,서울 중구,https://www.indeed.com/viewjob?jk=cffb9ec4b67457d0
Junior Full-stack Developer,Asiance,서울,https://www.indeed.com/viewjob?jk=fb84164a9eed9423
[(주)케이엠에듀] AI(인공지능) 개발자 및 빅데이터 분석 플랫폼 개발 및 운영자,케이엠에듀,서울 금천구,https://www.indeed.com/viewjob?jk=5a40c1062c719241
Healthcare Real World Data Analyst 담당자,IQVIA,서울,https://www.indeed.com/viewjob?jk=a746de9c7a6168ef
빅데이터 분석 기술인력,한국정보기술단,과천 과천시,https://www.indeed.com/viewjob?jk=08ac3f5ae6806ecd
Data Engineer,고도소프트,서울 구로구,https://www.indeed.com/viewjob?jk=68ee194a9d487aac
2020년 하반기 (SW/DB 개발),씨젠,서울 송파구,https://www.indeed.com/viewjob?jk=235d6f92b6999031
데이터 사이언티스트 지향하는 데이터 엔지니어,카카오,성남 판교역,https://www.indeed.com/viewjob?jk=385c58c7ced1d77b
Support Engineer _ Azure PaaS,Microsoft,서울,https://www.indeed.com/viewjob?jk=01bc879744c28f9c
Software Test Engineer for HANA Engine Intelligence Team,SAP,서울,https://www.indeed.com/viewjob?jk=8aeedb3a2dba74b6
콘텐츠서비스개발팀 - 데이터분석가,Nexon,성남 분당구,https://www.indeed.com/viewjob?jk=b35da47f5e84c9b4
Field Data Scientist,Success Korea,경기도,https://www.indeed.com/viewjob?jk=2892c67308e87f01
2020 KB데이타시스템 경력직 상시,KB데이타시스템,서울 마포구,https://www.indeed.com/viewjob?jk=28fe1c7cb71014dc
[AI Service] 서버 개발자 채용,엔씨소프트,성남 판교역,https://www.indeed.com/viewjob?jk=e4d7fe9715ea7b87
Solutions Engineer,Confluent,서울,https://www.indeed.com/viewjob?jk=6a399a2c059ebbb1
NAVER IDC 서버 운영/관리(가산),NIT Service,서울 가산동,https://www.indeed.com/viewjob?jk=70fccff4d30cb6bf
딥러닝 알고리즘 및 응용 Engineer,딥엑스,성남 분당구,https://www.indeed.com/viewjob?jk=07a8bb63e26d141c
MongoDB Engineer,카카오,성남 판교역,https://www.indeed.com/viewjob?jk=2695294aea6dc3b6
"Counter Intelligence and HUMINT Operations Analyst, Senior",Booz Allen Hamilton,경기도 평택,https://www.indeed.com/viewjob?jk=1d1a37aff94c12d7
인간중심 지능형 시스템 연구실 시간제 연구원,광주과학기술원,광주 북구,https://www.indeed.com/viewjob?jk=67503f27b0365593
DGIST 제2차 계약직 연구원 채용공고,대구경북과학기술원,대구 현풍면,https://www.indeed.com/viewjob?jk=2cfd15907402c5cc
[해외취업] 고급 IT 엔지니어,株式会社ASCOM,대한민국,https://www.indeed.com/viewjob?jk=c53e8bbdcd7076f2
Technical Solutions Engineer,MightyHive,서울,https://www.indeed.com/viewjob?jk=2d83dcf8baac736b
Python 신입/경력 정규직,태그바이컴퍼니,서울 강남구,https://www.indeed.com/viewjob?jk=e7b19736572ba66e
2020년 창업역량강화 실전창업교육 무료,한국여성과학기술인지원센터,서울 강남구,https://www.indeed.com/viewjob?jk=e6684e85b4fbf10f
Machine Learning Research - Speech Recognition,Qualcomm Korea YH,서울,https://www.indeed.com/viewjob?jk=19b7736d5aa3f7e5
Data Scientist 채용,엔씨소프트,성남 판교역,https://www.indeed.com/viewjob?jk=4b21dc32fc0add4b
[NAVERxLINE] Global Ad AI Engineer/AI Planner,네이버,서울,https://www.indeed.com/viewjob?jk=a358a39da5dfc360
데이터분석가(팀장급),리디,서울,https://www.indeed.com/viewjob?jk=d556a5075a39acee
데이터 분석가(팀원급),리디,서울,https://www.indeed.com/viewjob?jk=2c01efd167df86c4
[Autonomous Driving] Virtual Environment Simulation Engineer,네이버,서울,https://www.indeed.com/viewjob?jk=5ed0334bca0963cb
[주식회사모이기술] 알고리즘 튜닝과 앙상블 코딩 경력자 -AI 딥러닝 대회 프로젝트,여성기업종합지원센터,서울 성북구,https://www.indeed.com/viewjob?jk=b9ecab0ca2a98e8f
분석실 - 베이지안 분석 전문가,Nexon,성남 분당구,https://www.indeed.com/viewjob?jk=19b44e0d17d112e2
Linux/Python/PHP/MySQL/백엔드 정규직 경력,일루미나리안,용인 보정동,https://www.indeed.com/viewjob?jk=04d685fc70b67d4e
[S/W] Speech Recognition & Synthesis Engineer,현대자동차그룹,대한민국,https://www.indeed.com/viewjob?jk=2729ff3a8b39db3a
악성코드 및 엔드포인트 위협 대응 보안 엔지니어 (경력),카카오,성남 판교역,https://www.indeed.com/viewjob?jk=7e259408fd9b4f9c
"금융 데이터 분석 엔진, 로보어드바이저 개발자",에스비씨엔,서울 영등포구,https://www.indeed.com/viewjob?jk=649ccf047c868778
Data Analyst,레이니스트,서울,https://www.indeed.com/viewjob?jk=e5ca14de265f7fc9
RTL 및 ASIC 설계 엔지니어(딥러닝 하드웨어 프로세서 개발),딥엑스,성남 분당구,https://www.indeed.com/viewjob?jk=694ab958318e7fdc
Customer Operations Engineering Manager,Success Korea,대한민국,https://www.indeed.com/viewjob?jk=8a15326f80e07c08
Developers,Coinplug,경기도 성남,https://www.indeed.com/viewjob?jk=9a9e91ae6092ed2d
"Senior Staff Engineer, FAE Samsung",ams,서울,https://www.indeed.com/viewjob?jk=f8fcba2c93fcc52a
사내 시스템 (O365) 구축/관리 엔지니어,Nexon,성남 분당구,https://www.indeed.com/viewjob?jk=b4bd6d5bad3b761c
2020 인바디 연구소 연구/개발 공개,인바디,서울 강남구,https://www.indeed.com/viewjob?jk=b77789a648073261
"NAVER, LINE 서비스 플랫폼 운영",NIT Service,성남 삼평동,https://www.indeed.com/viewjob?jk=285996f91e76a862
"IT Project Manager, E-Commerce",Procter & Gamble,서울,https://www.indeed.com/viewjob?jk=3df9dee441bb4e19
MySQL Engineer,카카오,성남 판교역,https://www.indeed.com/viewjob?jk=dd06066d79860614
R&D 인공지능/딥러닝 / UNITY 신입,스칼라웍스,서울 금천구,https://www.indeed.com/viewjob?jk=df4340b7b440221b
2020 전문연구요원 공개 채용,넷마블,서울 구로구,https://www.indeed.com/viewjob?jk=b1c8dcf6b4990bbd
Data Analyst,Axiologic Solutions,서울,https://www.indeed.com/viewjob?jk=eb45c08f4c4a43d8
데스크탑 가상화(VDI) 엔지니어,카카오,성남 판교역,https://www.indeed.com/viewjob?jk=530a598184580c95
[대형보험사] 변액헤지 담당 (대리~차장급),커리어라임즈,서울,https://www.indeed.com/viewjob?jk=01f74346adf311f1
유저프로파일팀 - 데이터 모델러,Nexon,성남 분당구,https://www.indeed.com/viewjob?jk=8dfc9993e2aa9160
데이터 전문가 경력,LG CNS,서울,https://www.indeed.com/viewjob?jk=5e49f9d2a0120ab6
경험최적화파트 - 데이터 사이언티스트/분석가,Nexon,성남 분당구,https://www.indeed.com/viewjob?jk=c6e0b428a62c7eaa
"데이터 가치 함께 발굴하실 머신러닝, 통계 모델링 전문가",카카오,성남 판교역,https://www.indeed.com/viewjob?jk=d1e75364ef505c68
2020 Market Data Analyst - Seoul (Korean Speaker),Bloomberg,서울,https://www.indeed.com/viewjob?jk=212ca67d161b7162
Bigdata Engineer 신입/ 경력직,SK인포섹,성남 분당구,https://www.indeed.com/viewjob?jk=efc85245dd33a3aa
챗봇 플랫폼 개발자,카카오,성남 판교역,https://www.indeed.com/viewjob?jk=20d40ee61adffeca
백엔드 개발자(데이터 엔지니어) - Junior,유저해빗,서울 마포구,https://www.indeed.com/viewjob?jk=0d5c5371dd25b265
[KSTEC] 2020년 경력 사원 (SW개발자),지식시스템,성남 분당구,https://www.indeed.com/viewjob?jk=2e34d058bbb1ae0f
2017년도 제3차 계약직 연구원 공개채용 공고,대구경북과학기술원,대구 현풍면,https://www.indeed.com/viewjob?jk=9ad46a78c31b7eaf
카카오 네트워크 엔지니어,카카오,성남 판교역,https://www.indeed.com/viewjob?jk=f281c810daf0e10d
[여의도/신입가능] 기술지원/문의응대 업무,KIAC,서울 영등포구,https://www.indeed.com/viewjob?jk=39cee58db8ce5968
매칭팀 - 데이터분석가,Nexon,성남 분당구,https://www.indeed.com/viewjob?jk=48090bdf1303bd76
"빅데이터, IoT 활용 무료교육 연수생",한국산업기술협회,서울 금천구,https://www.indeed.com/viewjob?jk=87b8f255f1402269
매칭팀 - 프로그래머,Nexon,성남 분당구,https://www.indeed.com/viewjob?jk=b83e48f219011128
데이터분석팀 데이터분석가,넥스트플로어,서울 서초구,https://www.indeed.com/viewjob?jk=fd021562f5b75103
메시지발송 플랫폼 개발자,Nexon,성남 분당구,https://www.indeed.com/viewjob?jk=eaee1538d8cc832f
[여의도/신입가능] 정보보호 담당자,KIAC,서울 영등포구,https://www.indeed.com/viewjob?jk=abe7289a72f43b54
주요정보통신기반시설 취약점진단분석평가 전문가(경력),한국정보기술단,과천 과천시,https://www.indeed.com/viewjob?jk=af96fe64997f8ef3
(병역특례 보충역 00명 ) 모니터링 / 운영 툴 개발,아이앤아이소프트,성남 분당구,https://www.indeed.com/viewjob?jk=5e6e506c2395c21b
현대오토에버 경력사원 대규모 상시,현대오토에버,서울,https://www.indeed.com/viewjob?jk=a5cce44e4a847727
게임 데이터 분석 및 지표개발 인원 채용,엔씨소프트,성남 판교역,https://www.indeed.com/viewjob?jk=23d2559db4b09d5f
Internal Infra Engineer,Toss,서울 강남구,https://www.indeed.com/viewjob?jk=741cc6ac364ea9be
일본 소프트웨어 엔지니어 연수과정 3기 (K-MOVE 해외취업),JMP KOREA,서울,https://www.indeed.com/viewjob?jk=41fbae1f0736eca8
게임서비스 SRE 채용 (Back-end 개발자),엔씨소프트,성남 판교역,https://www.indeed.com/viewjob?jk=6edb441c2be72206
"Software Engineer, Data Platform",Sendbird,서울,https://www.indeed.com/viewjob?jk=2de3ab2b6248ed8c
스크립트 개발 프로그래머,Nexon,성남 분당구,https://www.indeed.com/viewjob?jk=d56db98820a1324c
메가스터디 교육그룹 부문별 신입 및 경력 공개,커리어게이트,서울 강남구,https://www.indeed.com/viewjob?jk=914773b619a944de
효성첨단소재(주) 타이어보강재PU 빅데이터 분석 경력사원,효성첨단소재,대한민국,https://www.indeed.com/viewjob?jk=3b0e3b290f637baf
DATA ANALYST,"ODK Media, Inc.",서울,https://www.indeed.com/viewjob?jk=44914d62491e43d9
[TmaxAI/기술] 기술지원 엔지니어,티맥스소프트,성남 분당구,https://www.indeed.com/viewjob?jk=94bbaed0e8988ea6
웹프론트엔드 개발자,Nexon,성남 분당구,https://www.indeed.com/viewjob?jk=f4a5057bd3043129
SI 신입/경력,이엔유,대전 유성구,https://www.indeed.com/viewjob?jk=3caf63f1108ba3ca
Machine Learning Senior Software Engineer – Embedded AI Framework,Qualcomm Korea YH,서울,https://www.indeed.com/viewjob?jk=b1376913a965e740
기술 인턴 인공지능 응용 연구/개발 인턴,써로마인드로보틱스,서울 관악구,https://www.indeed.com/viewjob?jk=71c47ac87bb4087e
Lead Product Engineer - Liberate,Cadence Design Systems,경기도,https://www.indeed.com/viewjob?jk=ffac42e32db26233
[KSTEC] RPA 시스템 개발 경력사원,지식시스템,성남 분당구,https://www.indeed.com/viewjob?jk=ca4d4ecf4f8d81d8
Machine Learning 엔지니어 영입,카카오모빌리티,성남 분당구,https://www.indeed.com/viewjob?jk=973c3d7f651d0313
디지털 전략 전문가 양성과정 교육/참여자,휴넷,서울 구로구,https://www.indeed.com/viewjob?jk=69c4af8713e64d0d
2020년 (주)알앤비소프트 상반기 신입/경력 사원,알앤비소프트웨어,성남 분당구,https://www.indeed.com/viewjob?jk=aff0827cf77a81ca
[Search] Global API 서빙 플랫폼 개발,네이버,서울,https://www.indeed.com/viewjob?jk=6644e94fb52e7c0b
CG Artist,LOCUS,대한민국,https://www.indeed.com/viewjob?jk=94064c6864564f7b
얼굴모션 캡처기술 인공지능(AI) 연구개발 전문기업,인공지능(AI) 연구개발 전문기업,경기도,https://www.indeed.com/viewjob?jk=4fa50f2ffd370bae
바디모션 캡처기술 인공지능(AI) 연구개발 전문기업,인공지능(AI) 연구개발 전문기업,경기도,https://www.indeed.com/viewjob?jk=8925ce6bab9d00d6
Business Data Analyst,Soomgo,서울 강남구,https://www.indeed.com/viewjob?jk=166aa0c72e94a266
HANA Core Developer,SAP,서울,https://www.indeed.com/viewjob?jk=0670de1bd35c0b7e
[Search] [Vision] Computer Vision Engineer 체험형 인턴,네이버,서울,https://www.indeed.com/viewjob?jk=a41d35173ffe4666
[쿠키런: 오븐브레이크] 데이터과학자 (인턴),데브시스터즈,서울 강남구,https://www.indeed.com/viewjob?jk=e201707ec35558c4
Production Data Analyst,하이퍼커넥트,서울,https://www.indeed.com/viewjob?jk=1dfcccd87594a1a8
Cross Border Ecommerce - Business Intelligence (Based in Seoul),Shopee,서울,https://www.indeed.com/viewjob?jk=b574f1454ae36aab
인프라 플랫폼 개발자,고도소프트,서울 구로구,https://www.indeed.com/viewjob?jk=2b1c5b35b97700fc
"[펜타시큐리티] 보안S/W 개발자 (DB, 인증, 클라우드)",펜타시큐리티시스템,서울 영등포구,https://www.indeed.com/viewjob?jk=2f75fbb26440b236
[단기계약직] Data Science 음성데이터의 정제,엔씨소프트,성남 판교역,https://www.indeed.com/viewjob?jk=3481b5bb15c1bf75
[NIT Service] NAVER IDC 서버 운영/관리(가산),엔아이티서비스,서울 금천구,https://www.indeed.com/viewjob?jk=7cd2c7c1940d523d
[S/W] AI Platform Engineer,현대자동차그룹,대한민국,https://www.indeed.com/viewjob?jk=fa17f0ac8afcb12b
2020 Market Data Analyst - Seoul (Korean Speaker),Bloomberg,서울,https://www.indeed.com/viewjob?jk=212ca67d161b7162
JAVA기반 응용SW개발자 양성과정 훈련교사,중앙직업전문학교,대구 중구,https://www.indeed.com/viewjob?jk=80be11c9eec922ca
[전문연구요원] 컴퓨터비전/딥러닝/SLAM 영상처리 (경력2년),큐픽스,성남 분당구,https://www.indeed.com/viewjob?jk=351fbfd6c5264e50
"[기술플랫폼실] 빅데이터, 하둡(Hadoop) 플랫폼 운영 엔지니어 영입",카카오페이,성남 분당구,https://www.indeed.com/viewjob?jk=c602dd4006495fae
클라우드 인프라 운영 담당자 모집,넷마블,서울 구로구,https://www.indeed.com/viewjob?jk=bcd2f0630e298aa3
[정보보안] 보안분석 플랫폼 개발 및 운영 담당자,한국카카오은행,성남 분당구,https://www.indeed.com/viewjob?jk=94bf3c1c1c64fc87
카카오 광고 서비스 알고리즘 및 시스템 개발,카카오,성남 판교역,https://www.indeed.com/viewjob?jk=afe92c03320fe1b3
DGIST 동반진단의료기술융합연구실 계약직 연구원 공개 채용 공고,대구경북과학기술원,대구 현풍면,https://www.indeed.com/viewjob?jk=1548f8b2dc2157f6
"Sales Engineer, Sr II",Synopsys,서울,https://www.indeed.com/viewjob?jk=cb663654c2b397f3
[인재풀] 아티스트,Electronic Arts,서울,https://www.indeed.com/viewjob?jk=aac8e9355cb855ac
Senior Back-End Developer,Asiance,서울,https://www.indeed.com/viewjob?jk=cdb73ed97e74098a
프로그램 개발자,지오로그,안양 동안구,https://www.indeed.com/viewjob?jk=a8e330f542785ecf
qe 소프트웨어 엔지니어,에이치알 코리아,대한민국,https://www.indeed.com/viewjob?jk=85687b250386c4be
[카카오페이지] 데이터 엔지니어 (시 마감),카카오페이지,성남 분당구,https://www.indeed.com/viewjob?jk=e2c843ea03853010
[기술플랫폼실] 보안 기술 개발자 영입,카카오페이,성남 분당구,https://www.indeed.com/viewjob?jk=23684e42929f63a1
2018년도 전문연구요원 채용 공고,대구경북과학기술원,대구 현풍면,https://www.indeed.com/viewjob?jk=b247877d14b77450
데이터연동개발팀 - 데이터엔지니어,Nexon,성남 분당구,https://www.indeed.com/viewjob?jk=5b8d56d7f11903a2
[서울지사] 데이터 분석가,네오플,서울 강남구,https://www.indeed.com/viewjob?jk=3d0fef92805a8c7c
Data Engineer,Calm Island,서울,https://www.indeed.com/viewjob?jk=85a4ad53b872c93f
[피파온라인4] 소프트웨어 엔지니어,Electronic Arts,서울,https://www.indeed.com/viewjob?jk=1cf825d234463890
SITE RELIABILITY ENGINEER,"ODK Media, Inc.",서울 강남구,https://www.indeed.com/viewjob?jk=31be560f3d6a7963
유명 바이오 의료기기 스타트업 백엔드 개발자 정규직,인파트너스,서울 서초구,https://www.indeed.com/viewjob?jk=f674644621285e18
[LINE BIZ PLUS] FDS 서버 개발,라인비즈플러스,성남 분당구,https://www.indeed.com/viewjob?jk=5acb25fbadac77bb
네이버 쇼핑검색플랫폼 개발자,네이버,서울,https://www.indeed.com/viewjob?jk=f3a14b3f8d9e3e12
[KSTEC] 통계/Analytics 경력사원,지식시스템,성남 분당구,https://www.indeed.com/viewjob?jk=7cbf4b2a9bc7a9d1
Software Developer - Front-End / Back-End,AITRICS,서울,https://www.indeed.com/viewjob?jk=5123207a169f90eb
SW개발자 0명 자동화 산업장비 제조업,자동화 산업장비 제조업,대한민국,https://www.indeed.com/viewjob?jk=80e215cfdccb251c
데이터 분석 직군 모집,넷마블,서울 구로구,https://www.indeed.com/viewjob?jk=1c4f1c0b625f5abd
테크센터개발팀 - 웹 프로그래머,Nexon,성남 분당구,https://www.indeed.com/viewjob?jk=5f18c149379506cd
DGIST 미래자동차융합연구센터 계약직 연구원 공개 초빙 공고,대구경북과학기술원,대구 현풍면,https://www.indeed.com/viewjob?jk=219838df8fbffb31
Data & AI Technical Specialist,IBM,서울,https://www.indeed.com/viewjob?jk=9437c9fdc6462773
[신규프로젝트] 차세대 콘솔 Maya 리거 채용,엔씨소프트,성남 판교역,https://www.indeed.com/viewjob?jk=7bd59201a82e59ed
신규MMORPG 프로젝트 TA,Nexon,성남 분당구,https://www.indeed.com/viewjob?jk=653076b96698fd08
Technical Customer Support Engineer (Korea),Univa Corporation,서울,https://www.indeed.com/viewjob?jk=2974a8f287becde6
Senior Data Scientist - AWS Professional Services,Amazon Web Services Korea LLC,서울,https://www.indeed.com/viewjob?jk=37da5b148b2d3ef4
블록체인인터넷경제연구센터 위촉연구원,광주과학기술원,광주 북구,https://www.indeed.com/viewjob?jk=3e80435be74cd28f
"S/W 엔지니어, 펌웨어 외 경력 정규직",씨젠,서울 송파구,https://www.indeed.com/viewjob?jk=7a57b4fd476c3f01
[AI Lab] Machine Learning 데이터 사이언티스트,버즈니,서울,https://www.indeed.com/viewjob?jk=a93103d6dd6d208e
[NAVERxLINE] Global Ad Data Engineer/Data Analyst,네이버,서울,https://www.indeed.com/viewjob?jk=713deb15cc6428fd
데이터 사이언스 전문가 및 머신러닝 전문가,카카오,성남 판교역,https://www.indeed.com/viewjob?jk=85929aac498299cc
인공지능(AI) SW개발 담당 0명 자동화 산업장비 제조업,자동화 산업장비 제조업,대한민국,https://www.indeed.com/viewjob?jk=5164238b12d010da
SOFTWARE ENGINEER - BACKEND,"ODK Media, Inc.",서울 강남구,https://www.indeed.com/viewjob?jk=6e4170888fdd92a5
멀티플랫폼 클라이언트 라이브러리 개발자 모집,엔씨소프트,성남 판교역,https://www.indeed.com/viewjob?jk=96d318d1accd90af
[Blade&Soul] 클라이언트 프로그래머 모집,엔씨소프트,성남 판교역,https://www.indeed.com/viewjob?jk=a395d1c92191c53d
[신규프로젝트] 차세대 콘솔 테크니컬 아티스트 채용,엔씨소프트,성남 판교역,https://www.indeed.com/viewjob?jk=a35563d9c3ef647d
[신규] 플랫폼 백-엔드 개발자 채용,엔씨소프트,성남 판교역,https://www.indeed.com/viewjob?jk=214b36717acd79d2
게임 엔진 프로그래머(오디오) 채용,엔씨소프트,성남 판교역,https://www.indeed.com/viewjob?jk=b3e7d932db7729d6
[CX유닛] CXPO실 Business Analyst,야놀자,서울 강남구,https://www.indeed.com/viewjob?jk=5350583c20f44852
PHP(Laravel) 웹앱 개발 경력직 (급여 최고 대우),세마그룹,부산,https://www.indeed.com/viewjob?jk=ce68538bd5f734f2
지스트 블록체인인터넷경제연구센터 계약직(연구원),광주과학기술원,광주 북구,https://www.indeed.com/viewjob?jk=ea5ce8fd0f077539
Data Analyst Senior,하이퍼커넥트,서울,https://www.indeed.com/viewjob?jk=600f11af1aca94ec
2020 Market Data Analyst - Seoul (Korean Speaker),Bloomberg,서울,https://www.indeed.com/viewjob?jk=212ca67d161b7162
추천 시스템 소프트웨어 엔지니어,카카오,성남 판교역,https://www.indeed.com/viewjob?jk=07375dc4e800dfa9
BS Marketing Anlaytics 인원,LG전자,서울 영등포구,https://www.indeed.com/viewjob?jk=9f0b67409816d2cb
Support Engineer,Microsoft,서울,https://www.indeed.com/viewjob?jk=0bbf23c0930be392
웹 솔류션(Python Django base) 개발자,비투텍,서울 금천구,https://www.indeed.com/viewjob?jk=002159bd9f187419
분석지원팀 - 데이터 분석가,Nexon,성남 분당구,https://www.indeed.com/viewjob?jk=4233609a843b5e96
ICT/바이오 분야 대졸자 취업연계과정,한국폴리텍대학분당융합기술교육원,성남 분당구,https://www.indeed.com/viewjob?jk=79eac74ad4394ffd
2020년 하반기 (AI/딥러닝 알고리즘 설계/개발),씨젠,서울 송파구,https://www.indeed.com/viewjob?jk=01eb7001a0a614fb
소형전지사업부 경력,삼성SDI,충청남도 천안,https://www.indeed.com/viewjob?jk=089931931a0474d5
SP OM부 경력직원,신영증권,대한민국,https://www.indeed.com/viewjob?jk=18cbba235523944d
[금융사업클랜] 비즈니스 데이터 분석가 (Business Data Analyst) 영입,카카오페이,성남 분당구,https://www.indeed.com/viewjob?jk=eca18a1897e5d4ea
Machine Learning Engineer (LINE AI Services Lab),LINE Plus corporation,성남 서현역,https://www.indeed.com/viewjob?jk=ff52e5f9625f8f34
데이터 분석가 영입,카카오모빌리티,성남 분당구,https://www.indeed.com/viewjob?jk=5fb443efe7acf5ab
[서울/수원/천안] IT 분야 취업 연계 훈련생,휴먼교육센터,천안 동남구,https://www.indeed.com/viewjob?jk=b3bde1882ae8a1d8
카카오톡 보이스톡/페이스톡/라이브톡 개발자,카카오,성남 판교역,https://www.indeed.com/viewjob?jk=d585814d097935eb
[클라우드그램] 2020년 하반기 부문별,클라우드그램,서울 강남구,https://www.indeed.com/viewjob?jk=a427468a8c899737
"MVP 개발 엔지니어(서버, 웹프론트) (정규직, 계약직, 프리랜서)",더테스터,대전 중구,https://www.indeed.com/viewjob?jk=1748baa27965fdbf
Senior Field Service Engineer,Huntington Ingalls Industries Inc.,경기도 평택,https://www.indeed.com/viewjob?jk=d5be40de21d8637a
Research Engineer - Machine Learning,AITRICS,서울,https://www.indeed.com/viewjob?jk=05ce3c7d5c6c368c
"R&D Engineer, Sr I",Synopsys,서울,https://www.indeed.com/viewjob?jk=432b169b273d9964
Marketing Data Engineer,네오위즈,대한민국,https://www.indeed.com/viewjob?jk=97968c185e65d31a
NAVER IDC 서버 운영/관리(평촌),NIT Service,안양 동안구,https://www.indeed.com/viewjob?jk=097c35ed002a62e5
TOAST CAM 임베디드 개발,NHN,성남 판교역,https://www.indeed.com/viewjob?jk=1a75ce748c5f24e9
[해외취업] 【AI・RPAエンジニア】経験半年の方も歓迎 10ヵ国の技術者が在籍,株式会社リープ,대한민국,https://www.indeed.com/viewjob?jk=bad0f76842269b46
추천 통계분석/데이터사이언티스트,카카오,성남 판교역,https://www.indeed.com/viewjob?jk=bfe0f5ac4f32ec89
2020년 하반기 경력사원 (IT(Digital Transformation)부문),LG상사,서울 종로구,https://www.indeed.com/viewjob?jk=8cc9b4c1f8813564
추천 시스템 연구/개발,카카오,성남 판교역,https://www.indeed.com/viewjob?jk=be6c1f03fa566f8e
Analog Design Engineer(High-Speed Interface),Synopsys,경기도 성남,https://www.indeed.com/viewjob?jk=d74aa20a454507fd
Back-end Engineer (Python),Soomgo,서울 강남구,https://www.indeed.com/viewjob?jk=752a4b5d63eac97c
Data Engineer,NHN godo,서울 구로구,https://www.indeed.com/viewjob?jk=3a8cf7e51ca14e44
2020년 하반기 (Data Scientist),씨젠,서울 송파구,https://www.indeed.com/viewjob?jk=4cb1a2777a4d00c8
글로벌 여행 스타트업 Trazy - 백엔드 개발자 (Python),트레이지(Trazy),서울 중구,https://www.indeed.com/viewjob?jk=7c3e870969914d57
[S/W] 인포테인먼트 소프트웨어 개발 (서버 개발),현대자동차그룹,대한민국,https://www.indeed.com/viewjob?jk=00c6b313d7d4d2d3
광고팀 - 분석가,Nexon,성남 분당구,https://www.indeed.com/viewjob?jk=3a08c7089343733d
FPGA 플랫폼 엔지니어(딥러닝 하드웨어 프로세서 개발),딥엑스,성남 분당구,https://www.indeed.com/viewjob?jk=00a89d974a463f1f
[기술플랫폼실] 정보보호 담당자 영입,카카오페이,성남 분당구,https://www.indeed.com/viewjob?jk=6e9819bc1b7015c9
[국내 손해보험회사] 디지털혁신팀 3개 포지션 (대리-차장급),yesconsulting,서울 서대문구,https://www.indeed.com/viewjob?jk=f2d5594999bad220
"(송파구 문정동) 응용 프로그래머 (C++, C#, Python)",심네트,서울 용산구,https://www.indeed.com/viewjob?jk=9bd34e14c7523d31
"Technical Solutions Consultant, Android TV Partner Engineering",Google,서울,https://www.indeed.com/viewjob?jk=7c9e43f7aca62f24
침해사고대응 인력 채용,엔씨소프트,성남 판교역,https://www.indeed.com/viewjob?jk=4373a26b76573d8a
플랫폼 채팅모듈 개발자,Nexon,성남 분당구,https://www.indeed.com/viewjob?jk=3b752abecf619fe5
[기술기획] 클라우드 플랫폼 개발자,한국카카오은행,성남 분당구,https://www.indeed.com/viewjob?jk=064270aae627e45b
Machine Learning Researcher – Audio and Speech,Qualcomm Korea YH,서울,https://www.indeed.com/viewjob?jk=aea07d26df8ae423
전기자동차 응용 소트프웨어 신입/경력 정규직 (PC / Smart폰 App. 개발),에디슨테크,대전 유성구,https://www.indeed.com/viewjob?jk=3d5b1b1bce167058
AI 연구/개발 직군 모집,넷마블,서울 구로구,https://www.indeed.com/viewjob?jk=481f953ccaa4bc96
"[정규직]개발자(수집시스템개발, 카피킬러서비스운영)채용",㈜무하유는,대한민국,https://www.indeed.com/viewjob?jk=37aebf847064b980
[R&D] 연료전지시스템 제어 SW 개발,현대자동차그룹,대한민국,https://www.indeed.com/viewjob?jk=56072bc50be2b22b
[전문연구요원] 상시,네이버,서울,https://www.indeed.com/viewjob?jk=b79c2ae536063b01
PMIC S/W APPS Engineering – Senior to Staff,Qualcomm CDMA Technologies (Korea) YH,서울,https://www.indeed.com/viewjob?jk=01cdfff2d55c2fa5
스마트팩토리 부문 경력직 [IIoT 개발],엘에스글로벌인코퍼레이티드,안양 동안구,https://www.indeed.com/viewjob?jk=3a40261b982f4ca6
[LS글로벌] 스마트팩토리 부문 경력직,엘에스글로벌인코퍼레이티드,안양 동안구,https://www.indeed.com/viewjob?jk=12dfb9f949492abd
NAVER IDC 서버 운영/관리(춘천),NIT Service,춘천 동면,https://www.indeed.com/viewjob?jk=de567c4b6b588c4c
AI/ 음성인식/ 차량보안/ 빅데이터/ IoT 등 R&D 부문 경력,현대오토에버,서울 강남구,https://www.indeed.com/viewjob?jk=483b5c30ed9ccb06
[AI검색플랫폼] 머신러닝 개발자,카카오엔터프라이즈,성남 분당구,https://www.indeed.com/viewjob?jk=dea246efe3aa55a7
Junior Quant Trader,Byzantine Partners,서울,https://www.indeed.com/viewjob?jk=25725b3c0e607311
(하나금융그룹/SK텔레콤 합작회사) 각 부문 경력직원,핀크,서울 중구,https://www.indeed.com/viewjob?jk=cffb9ec4b67457d0
Junior Full-stack Developer,Asiance,서울,https://www.indeed.com/viewjob?jk=fb84164a9eed9423
[(주)케이엠에듀] AI(인공지능) 개발자 및 빅데이터 분석 플랫폼 개발 및 운영자,케이엠에듀,서울 금천구,https://www.indeed.com/viewjob?jk=5a40c1062c719241
Healthcare Real World Data Analyst 담당자,IQVIA,서울,https://www.indeed.com/viewjob?jk=a746de9c7a6168ef
빅데이터 분석 기술인력,한국정보기술단,과천 과천시,https://www.indeed.com/viewjob?jk=08ac3f5ae6806ecd
Data Engineer,고도소프트,서울 구로구,https://www.indeed.com/viewjob?jk=68ee194a9d487aac
2020년 하반기 (SW/DB 개발),씨젠,서울 송파구,https://www.indeed.com/viewjob?jk=235d6f92b6999031
데이터 사이언티스트 지향하는 데이터 엔지니어,카카오,성남 판교역,https://www.indeed.com/viewjob?jk=385c58c7ced1d77b
Support Engineer _ Azure PaaS,Microsoft,서울,https://www.indeed.com/viewjob?jk=01bc879744c28f9c
Software Test Engineer for HANA Engine Intelligence Team,SAP,서울,https://www.indeed.com/viewjob?jk=8aeedb3a2dba74b6
콘텐츠서비스개발팀 - 데이터분석가,Nexon,성남 분당구,https://www.indeed.com/viewjob?jk=b35da47f5e84c9b4
Field Data Scientist,Success Korea,경기도,https://www.indeed.com/viewjob?jk=2892c67308e87f01
2020 KB데이타시스템 경력직 상시,KB데이타시스템,서울 마포구,https://www.indeed.com/viewjob?jk=28fe1c7cb71014dc
[AI Service] 서버 개발자 채용,엔씨소프트,성남 판교역,https://www.indeed.com/viewjob?jk=e4d7fe9715ea7b87
Solutions Engineer,Confluent,서울,https://www.indeed.com/viewjob?jk=6a399a2c059ebbb1
NAVER IDC 서버 운영/관리(가산),NIT Service,서울 가산동,https://www.indeed.com/viewjob?jk=70fccff4d30cb6bf
딥러닝 알고리즘 및 응용 Engineer,딥엑스,성남 분당구,https://www.indeed.com/viewjob?jk=07a8bb63e26d141c
MongoDB Engineer,카카오,성남 판교역,https://www.indeed.com/viewjob?jk=2695294aea6dc3b6
"Counter Intelligence and HUMINT Operations Analyst, Senior",Booz Allen Hamilton,경기도 평택,https://www.indeed.com/viewjob?jk=1d1a37aff94c12d7
인간중심 지능형 시스템 연구실 시간제 연구원,광주과학기술원,광주 북구,https://www.indeed.com/viewjob?jk=67503f27b0365593
DGIST 제2차 계약직 연구원 채용공고,대구경북과학기술원,대구 현풍면,https://www.indeed.com/viewjob?jk=2cfd15907402c5cc
[퍼블릭클라우드팀] 오픈스택 인프라 엔지니어,심플렉스,서울 동작구,https://www.indeed.com/viewjob?jk=62a8479877e5adec
QA 엔지니어,myrealtrip,서울,https://www.indeed.com/viewjob?jk=69a0719cd470a097
Software Engineer,Nexon,성남 분당구,https://www.indeed.com/viewjob?jk=49335253c9d14ed4
데이터 엔지니어,에이치알 코리아,대한민국,https://www.indeed.com/viewjob?jk=04f3458db4cc1f14
[Search] 음악 추천 AI 기술 개발 신입/경력사원,네이버,서울,https://www.indeed.com/viewjob?jk=6e76f9151e44ad64
Java Backend Software Engineer,하이퍼커넥트,서울,https://www.indeed.com/viewjob?jk=248f25cc0416aa37
Back End Software Engineer,Sendbird,서울,https://www.indeed.com/viewjob?jk=615168b399422305
[수시] ZUM 데이터 엔지니어 (경력),zum,서울 서초구,https://www.indeed.com/viewjob?jk=0b06569e20a009f7
Video Analytics(VA) Software Developer,Success Korea,서울,https://www.indeed.com/viewjob?jk=ca46d5dccd5e9d73
"Specialist Solutions Architect III, AI/ML",Amazon Web Services Korea LLC,서울,https://www.indeed.com/viewjob?jk=2625bdacef9c5d08
[업계1위/복지최강] JAVA 개발자 대규모 인재 진행,인라이플,서울 구로구,https://www.indeed.com/viewjob?jk=50ec552119d998f8
성장하는 핀테크 스타트업 BackEnd Developer 경력직,웨이브릿지,서울 강남구,https://www.indeed.com/viewjob?jk=f8ee4cfdf4dd6934
Cloud Support Eng. II (Net),Amazon Web Services Korea LLC,서울,https://www.indeed.com/viewjob?jk=cfdd56fef2ec9c47
외국계 한국법인 백엔드 경력 사원,엘마르코리아,서울,https://www.indeed.com/viewjob?jk=8e79c59826227cee
Data Scientist (Analytics Modeling Expert),Success Korea,서울,https://www.indeed.com/viewjob?jk=10530ea7d98370b7
[Search] 쇼핑검색 AI 기술 개발 신입/경력사원,네이버,서울,https://www.indeed.com/viewjob?jk=faf0422473d4188a
Senior Developer for HANA Cloud Service Enablement,SAP,서울,https://www.indeed.com/viewjob?jk=2452804cc0a21d47
Quantitative Developer,Terra,서울,https://www.indeed.com/viewjob?jk=6b11eb34948c87ae
[수시] ESTsecurity 서버/백엔드 개발 (경력),ESTsecurity,서울 서초구,https://www.indeed.com/viewjob?jk=a22d7b630bff33ea
"Principal, Supply Chain Management(Inventory Planning Control)",Coupang,서울,https://www.indeed.com/viewjob?jk=dbda1bc1fac3371b
데이터 전문가,엔젠바이오,서울 구로구,https://www.indeed.com/viewjob?jk=f9c94f0803d49e95
Server Engineering Manager,레이니스트,서울,https://www.indeed.com/viewjob?jk=35b6381bfc05576b
[수시] ESTsecurity 웹프론트 개발 채용(경력),이스트시큐리티,서울 서초구,https://www.indeed.com/viewjob?jk=977529f65769df3a
20년 차량용 반도체/전장SW 전문가 경력 상시 [제어평가],현대오트론,서울 강남구,https://www.indeed.com/viewjob?jk=5d0fb885557980af
대기업(연구소) AI 플랫폼연구 석사이상,금융대기업(연구센터),서울,https://www.indeed.com/viewjob?jk=ff5c7f7e7c6e94cf
Associate Solutions Architect - Application Architecture Focused Solutions Architect I,Amazon Web Services Korea LLC,서울,https://www.indeed.com/viewjob?jk=582d5b309ee4202c
[개발팀] 클라우드 및 컨테이너 개발자,심플렉스,서울 동작구,https://www.indeed.com/viewjob?jk=652a24fac69813b6
Cloud Solution Engineer (ML),Oracle,서울,https://www.indeed.com/viewjob?jk=dd703c944fb4bfbb
[Autonomous Driving] Software Tool Engineer,네이버,서울,https://www.indeed.com/viewjob?jk=84348b9371558933
[Clova] Clova 머신러닝 Scientist 개발 신입/경력사원,네이버,서울,https://www.indeed.com/viewjob?jk=257110e5aec08f6d
20년 차량용 반도체/전장SW 전문가 경력 상시 [AP 개발],현대오트론,서울 강남구,https://www.indeed.com/viewjob?jk=c7784e286659a62b
AI Algorithm Developer,펄핏,서울 강남구,https://www.indeed.com/viewjob?jk=88b7dece067cd1c6
"경력 웹개발자 [PHP,MYSQL]",엠비아이솔루션,서울 마포구,https://www.indeed.com/viewjob?jk=a44ca05975d80555
Video Solution System Engineer,Success Korea,서울,https://www.indeed.com/viewjob?jk=838599aa8cfbcf47
"모바일 앱 서버 개발(Java, Python)",휴먼디지털,서울,https://www.indeed.com/viewjob?jk=16dff836029458af
TA,제이씨이,성남 분당구,https://www.indeed.com/viewjob?jk=8eca56448e2574c8
Software Integration Engineer,Success Korea,서울,https://www.indeed.com/viewjob?jk=d0ad8d53ad979e23
클라우드 보안 담당자 모집,넷마블,서울 구로구,https://www.indeed.com/viewjob?jk=05f98eb7cf040f64
Senior Data Scientist,레이니스트,서울,https://www.indeed.com/viewjob?jk=7ab0eeaa9b519340
"로봇관련, R&D_로봇 Skill 개발",4차산업 공장 자동화 기기 및 소프트웨어,경기도 수원,https://www.indeed.com/viewjob?jk=50d0ae3f24a94532
Pipeline TD,Mofac,서울 서초구,https://www.indeed.com/viewjob?jk=1d98c46b4900b7e6
Sr. Quantitative UX Researcher (UX Research),Coupang,서울,https://www.indeed.com/viewjob?jk=7ec427b3a561228a
응용 SW 개발,유니콤넷,서울 구로구,https://www.indeed.com/viewjob?jk=5bb76dfcbb5eef7e
"Principal, System Engineer (Coupang Pay_Fintech Infra)",Coupang,서울,https://www.indeed.com/viewjob?jk=df74b7da19e7058c
"Principal, Office365 SaaS Application Engineer (Corporate IT Applications)",Coupang,서울,https://www.indeed.com/viewjob?jk=8c8b1c8fee606a46
DevOps Engineer,하이퍼커넥트,서울,https://www.indeed.com/viewjob?jk=3d8e270a47a88295
WaveBridge BackEnd Developer 경력직,웨이브릿지,서울 강남구,https://www.indeed.com/viewjob?jk=ea7a7ab6e15151c1
백엔드 개발자,Glocalize Inc,서울,https://www.indeed.com/viewjob?jk=6d2c00f8b97c0faa
Frontend Developer (Javascript/React),Bepro Company,서울,https://www.indeed.com/viewjob?jk=d11342cfe074df78
20년 차량용 반도체/전장SW 전문가 경력 상시 [ADAS/자율주행개발],현대오트론,서울 강남구,https://www.indeed.com/viewjob?jk=85749981b8b09cb2
2020 Market Data Analyst - Seoul (Korean Speaker),Bloomberg,서울,https://www.indeed.com/viewjob?jk=212ca67d161b7162
System Engineer,Toss,서울 강남구,https://www.indeed.com/viewjob?jk=b00009495def08db
Cloud Infrastructure Architect,Amazon Web Services Korea LLC,서울,https://www.indeed.com/viewjob?jk=d9470ee259f7457b
카카오 분석 플랫폼 경력 개발자,카카오,성남 판교역,https://www.indeed.com/viewjob?jk=8ae7c240ef7d5f0b
각 부문 경력사원 수시 채용,엠아이큐브솔루션(주) 관심기업,서울 서초동,https://www.indeed.com/viewjob?jk=852b4e4e3cbc4771
Back-end Engineer 경력 채용,주식회사 카사코리아 관심기업,서울 삼성동,https://www.indeed.com/viewjob?jk=7ab72b2f19e2425d
Solution Architecture: Starts-Up/Gaming,Success Korea,서울,https://www.indeed.com/viewjob?jk=6ae76a6437a8a2b6
[Clova] 음성 합성 기술 개발 신입/경력사원,네이버,서울,https://www.indeed.com/viewjob?jk=e18dbcd921d9633b
"대기업 (연구센터) NLP 경력자, 석사이상",금융대기업 연구소,서울,https://www.indeed.com/viewjob?jk=312b23a00d062a8f
Front-end Developer,"Miso, inc",서울,https://www.indeed.com/viewjob?jk=9f7d7cbe5e172a01
AI(인공지능) 개발자,휴먼디지털,서울,https://www.indeed.com/viewjob?jk=d498993697237b33
협업도구 및 코드관리도구 운영담당자 (경력),카카오,성남 판교역,https://www.indeed.com/viewjob?jk=62bedb52fadedd74
"[R0001563] Principal, Back-end Engineer (SCM Insights)",Coupang,서울,https://www.indeed.com/viewjob?jk=f59ae6a493eec795
[Search] 분산 데이터 저장 플랫폼 BE 개발 신입/경력사원,네이버,서울,https://www.indeed.com/viewjob?jk=0010d13acf68cfe7
11번가 가격비교 서비스 Tool 개발 분야,십일번가,서울 강남구,https://www.indeed.com/viewjob?jk=516001554380a268
"금융대기업 (연구소) NLP (Text Mining) 경력자, 책임-수석급",금융대기업(연구센터),서울,https://www.indeed.com/viewjob?jk=c115ec2b2872a3e8
Senior Cloud Reliability Engineer,SAP,서울,https://www.indeed.com/viewjob?jk=5f7222791202743b
"Principal, Data Engineer (Pricing Tech)",Coupang,서울,https://www.indeed.com/viewjob?jk=ed3686b9c2eea9ad
[Search] 네이버 웹검색 연구/개발 경력사원,네이버,서울,https://www.indeed.com/viewjob?jk=37127548f83bb7f7
데이터프로덕트 서버 개발자 (2년 이상),우아한 형제들,서울 송파구,https://www.indeed.com/viewjob?jk=f2e8324d211ea289
Sr. Back-end Engineer (Query Understanding),Coupang,서울,https://www.indeed.com/viewjob?jk=0df2999925f12355
[Search] 검색 서버 개발 & DevOps 엔지니어 신입/경력사원,네이버,서울,https://www.indeed.com/viewjob?jk=e9e86127df39c006
C / C++ for our CDN/ADN system Developer,Success Korea,서울,https://www.indeed.com/viewjob?jk=99e76e3ade272a0a
생물정보분석 (Bioinformatics) 연구원,핼액을 기반으로 암의 조기진단에 도전하는 혁신적인 헬스케어 기업,서울 금천구,https://www.indeed.com/viewjob?jk=fd2b74a92ae8b82e
[메쉬코리아(부릉)] Senior Data Engineer 경력직,메쉬코리아,서울 강남구,https://www.indeed.com/viewjob?jk=745d61a5b5f7d3e9
FX,Mofac,서울 서초구,https://www.indeed.com/viewjob?jk=9214061c8bc345b2
데이터 엔지니어 (3년 이상),우아한 형제들,서울 송파구,https://www.indeed.com/viewjob?jk=c62d380a1585df66
IT 강소기업 JAVA 솔루션 개발자 (경력직) (성수동),휴먼브릿지앤코,서울,https://www.indeed.com/viewjob?jk=f536c86904212c36
Cloud Application Architect - Professional Services,Amazon Web Services Korea LLC,서울,https://www.indeed.com/viewjob?jk=ff2f8c996186ab4d
"금융대기업(연구센터) Data Scientist 채용, 석사이상",금융대기업(연구센터),서울,https://www.indeed.com/viewjob?jk=ba61cb9b9e99e20d
Senior Business Analyst (Retail Program Management),Coupang,서울,https://www.indeed.com/viewjob?jk=7772fd53bc80acde
Back-end Developer,"Miso, inc",서울,https://www.indeed.com/viewjob?jk=80d3108dade97b0f
"음성인식 엔진개발( Kaldi, 서버 ) - 대기업",차량IT 전문 대기업,서울,https://www.indeed.com/viewjob?jk=0b24eb0fb065a8d4
"[(주)데이터누리] Java 개발자 신입, 경력",데이터누리,서울 강서구,https://www.indeed.com/viewjob?jk=643ef4db65461d01
"Principal, Business Analysis (Coupang Eats)",Coupang,서울,https://www.indeed.com/viewjob?jk=2cca42ee0951d4be
"Specialized Solutions Architect III, Analytics",Amazon Web Services Korea LLC,서울,https://www.indeed.com/viewjob?jk=1961cdd73f62c880
"Sr. Manager, Data Engineering (Data Platform)",Coupang,서울,https://www.indeed.com/viewjob?jk=61b74d6410db2780
Senior Backend Developer,Calm Island,서울,https://www.indeed.com/viewjob?jk=9439c6341fa5d45f
Sr. Back-end Engineer (SCM Systems),Coupang,서울,https://www.indeed.com/viewjob?jk=e541375257c12d9b
Principal Business Analysis (Logistics Support),Coupang,서울,https://www.indeed.com/viewjob?jk=ec311e5136ff2c6e
저축은행 소비자금융 Data Science,국내자본 저축은행,서울 구로구,https://www.indeed.com/viewjob?jk=9cd311595b3e4bea
[Search] 클라우드 AI 플랫폼 BE 개발 신입/경력사원,네이버,서울,https://www.indeed.com/viewjob?jk=5ffd748902087b4e
머신러닝기반 데이터분석_신입[5차],Success Korea,서울 선릉역,https://www.indeed.com/viewjob?jk=6742021c5e4b1386
Junior and/or Senior Engineers for MySQLDatabase Services,Success Korea,서울,https://www.indeed.com/viewjob?jk=882ce3f45214f1b1
머신러닝기반 데이터분석_신입[4차],Success Korea,서울 선릉역,https://www.indeed.com/viewjob?jk=1b17d214a0d694f1
Cloud Infrastructure (DevOps) Engineer,Sendbird,서울,https://www.indeed.com/viewjob?jk=2d7b16bcf6fa8c8f
VP of Engineering,"Miso, inc",서울,https://www.indeed.com/viewjob?jk=f5db97b4d95cbc04
React Native Developer,"Miso, inc",서울,https://www.indeed.com/viewjob?jk=315c65b8337d3e7a
국내 대기업 통신사 Cloud Engineering 경력직,드래곤에이치알,서울 강서구,https://www.indeed.com/viewjob?jk=2c9857f7c5468c1d
[큐셀] 시스템개발팀 경력사원 (시스템개발팀 Embedded SW 개발자 담당자),한화솔루션,서울 중구,https://www.indeed.com/viewjob?jk=407c2df519bda99a
[ASAP] AI 개발자,Success Korea,성남 판교역,https://www.indeed.com/viewjob?jk=75a3ab887555836a
2020 Market Data Analyst - Seoul (Korean Speaker),Bloomberg,서울,https://www.indeed.com/viewjob?jk=212ca67d161b7162
[대형보험사] 변액헤지 담당 (대리~차장급),커리어라임즈,서울,https://www.indeed.com/viewjob?jk=01f74346adf311f1
유저프로파일팀 - 데이터 모델러,Nexon,성남 분당구,https://www.indeed.com/viewjob?jk=8dfc9993e2aa9160
데이터 전문가 경력,LG CNS,서울,https://www.indeed.com/viewjob?jk=5e49f9d2a0120ab6
경험최적화파트 - 데이터 사이언티스트/분석가,Nexon,성남 분당구,https://www.indeed.com/viewjob?jk=c6e0b428a62c7eaa
"데이터 가치 함께 발굴하실 머신러닝, 통계 모델링 전문가",카카오,성남 판교역,https://www.indeed.com/viewjob?jk=d1e75364ef505c68
Bigdata Engineer 신입/ 경력직,SK인포섹,성남 분당구,https://www.indeed.com/viewjob?jk=efc85245dd33a3aa
챗봇 플랫폼 개발자,카카오,성남 판교역,https://www.indeed.com/viewjob?jk=20d40ee61adffeca
백엔드 개발자(데이터 엔지니어) - Junior,유저해빗,서울 마포구,https://www.indeed.com/viewjob?jk=0d5c5371dd25b265
[KSTEC] 2020년 경력 사원 (SW개발자),지식시스템,성남 분당구,https://www.indeed.com/viewjob?jk=2e34d058bbb1ae0f
2017년도 제3차 계약직 연구원 공개채용 공고,대구경북과학기술원,대구 현풍면,https://www.indeed.com/viewjob?jk=9ad46a78c31b7eaf
카카오 네트워크 엔지니어,카카오,성남 판교역,https://www.indeed.com/viewjob?jk=f281c810daf0e10d
[여의도/신입가능] 기술지원/문의응대 업무,KIAC,서울 영등포구,https://www.indeed.com/viewjob?jk=39cee58db8ce5968
매칭팀 - 데이터분석가,Nexon,성남 분당구,https://www.indeed.com/viewjob?jk=48090bdf1303bd76
"빅데이터, IoT 활용 무료교육 연수생",한국산업기술협회,서울 금천구,https://www.indeed.com/viewjob?jk=87b8f255f1402269
매칭팀 - 프로그래머,Nexon,성남 분당구,https://www.indeed.com/viewjob?jk=b83e48f219011128
데이터분석팀 데이터분석가,넥스트플로어,서울 서초구,https://www.indeed.com/viewjob?jk=fd021562f5b75103
메시지발송 플랫폼 개발자,Nexon,성남 분당구,https://www.indeed.com/viewjob?jk=eaee1538d8cc832f
[여의도/신입가능] 정보보호 담당자,KIAC,서울 영등포구,https://www.indeed.com/viewjob?jk=abe7289a72f43b54
주요정보통신기반시설 취약점진단분석평가 전문가(경력),한국정보기술단,과천 과천시,https://www.indeed.com/viewjob?jk=af96fe64997f8ef3
(병역특례 보충역 00명 ) 모니터링 / 운영 툴 개발,아이앤아이소프트,성남 분당구,https://www.indeed.com/viewjob?jk=5e6e506c2395c21b
현대오토에버 경력사원 대규모 상시,현대오토에버,서울,https://www.indeed.com/viewjob?jk=a5cce44e4a847727
게임 데이터 분석 및 지표개발 인원 채용,엔씨소프트,성남 판교역,https://www.indeed.com/viewjob?jk=23d2559db4b09d5f
Internal Infra Engineer,Toss,서울 강남구,https://www.indeed.com/viewjob?jk=741cc6ac364ea9be
일본 소프트웨어 엔지니어 연수과정 3기 (K-MOVE 해외취업),JMP KOREA,서울,https://www.indeed.com/viewjob?jk=41fbae1f0736eca8
게임서비스 SRE 채용 (Back-end 개발자),엔씨소프트,성남 판교역,https://www.indeed.com/viewjob?jk=6edb441c2be72206
"Software Engineer, Data Platform",Sendbird,서울,https://www.indeed.com/viewjob?jk=2de3ab2b6248ed8c
스크립트 개발 프로그래머,Nexon,성남 분당구,https://www.indeed.com/viewjob?jk=d56db98820a1324c
메가스터디 교육그룹 부문별 신입 및 경력 공개,커리어게이트,서울 강남구,https://www.indeed.com/viewjob?jk=914773b619a944de
효성첨단소재(주) 타이어보강재PU 빅데이터 분석 경력사원,효성첨단소재,대한민국,https://www.indeed.com/viewjob?jk=3b0e3b290f637baf
DATA ANALYST,"ODK Media, Inc.",서울,https://www.indeed.com/viewjob?jk=44914d62491e43d9
머신러닝 엔지니어 (Machine Learning Engineer),Success Korea,서울,https://www.indeed.com/viewjob?jk=4fb135f4b8706402
제어 엔지니어,Success Korea,성남 중원구,https://www.indeed.com/viewjob?jk=560be5ee50752533
결제시스템 기술개발 (대리-과장),Success Korea,성남 판교역,https://www.indeed.com/viewjob?jk=d5a08b8f70e8d699
Data engineer,Success Korea,서울 강남구,https://www.indeed.com/viewjob?jk=22b69448bcfcf9ed
S/W Engineering Efficiency,Success Korea,성남 분당구,https://www.indeed.com/viewjob?jk=18848cd6c6f44fbe
[IT R&D] 머신러닝 개발 부문 (주임~과장),Success Korea,서울 을지로동,https://www.indeed.com/viewjob?jk=1a8ac51bcd79040f
[IT R&D] 머신러닝 개발 부문 (과장),Success Korea,서울 을지로동,https://www.indeed.com/viewjob?jk=6ef66bd841739a4b
데이터 전문가,Success Korea,서울 삼성동,https://www.indeed.com/viewjob?jk=74c4f418a78c820f
빅데이터 분석,Success Korea,서울 삼성동,https://www.indeed.com/viewjob?jk=13513ddad0382808
Data Engineer (머신러닝),Success Korea,서울,https://www.indeed.com/viewjob?jk=aaddfd7bbf12d7a1
DW&BI팀 Data Engineer,Success Korea,서울,https://www.indeed.com/viewjob?jk=38d2f5a2543582fc
데이터 사이언스,Success Korea,서울 강남구,https://www.indeed.com/viewjob?jk=e694ab3767521447
Media Delivery Server 개발,Success Korea,성남 분당구,https://www.indeed.com/viewjob?jk=dae2c7e9525b116a
플랫폼 Back-end 개발 (5년이상),Success Korea,서울,https://www.indeed.com/viewjob?jk=a07f68014776c455
Data Mining 개발(3년이상 경력),에이치알 코리아,서울,https://www.indeed.com/viewjob?jk=8cf3625826afa063
Infra Platform QA,Success Korea,성남 분당구,https://www.indeed.com/viewjob?jk=385f70c5ce9c86ff
플랫폼(크라우드펀딩 혹은 마켓플레이스) IT 개발자,Success Korea,서울 강남구,https://www.indeed.com/viewjob?jk=44419308a1995b82
Messenger Data Analytics and AI Platform 개발,Success Korea,성남 분당구,https://www.indeed.com/viewjob?jk=98f1d7a579da7730
Search Developer,Success Korea,서울,https://www.indeed.com/viewjob?jk=b55ab8f1eb968bca
Analytics Engineer,Success Korea,서울 삼성동,https://www.indeed.com/viewjob?jk=417d3e24bac85b14
[ASAP] 머신러닝 엔지니어 (10년차 이상 혹은 전후),Success Korea,서울,https://www.indeed.com/viewjob?jk=4dc7b795d4e8efb8
전자상거래 플랫폼 인프라 설계/구축/운영,Success Korea,서울,https://www.indeed.com/viewjob?jk=9301688209a46cd7
경영기획심사,Success Korea,서울,https://www.indeed.com/viewjob?jk=a9376c5dec70af52
검색품질 담당,Success Korea,서울 삼성동,https://www.indeed.com/viewjob?jk=d5597ab320c653af
AD Machine Learning Engine 개발,Success Korea,성남 분당구,https://www.indeed.com/viewjob?jk=86a47dc8924f3275
빅데이터 개발(3년이상 경력),에이치알 코리아,서울,https://www.indeed.com/viewjob?jk=a72ab5e8773b9ad8
데이터분석,Success Korea,서울,https://www.indeed.com/viewjob?jk=67e90e28e81d778d
그로스해킹/데이터분석 (5년이상),Success Korea,서울,https://www.indeed.com/viewjob?jk=6f29b95e3fb173f5
전산팀 개발 담당,Success Korea,서울 역삼동,https://www.indeed.com/viewjob?jk=2d6e7d69a6ba52d6
응용프로그래머[초급],Success Korea,서울 성수동,https://www.indeed.com/viewjob?jk=bd7fef3a83bae958
Client Software Engineer - NFS (코어 엔지니어),Success Korea,서울 강남구,https://www.indeed.com/viewjob?jk=94186b23eca3f106
포털 신규 검색기술 파일럿 개발(사원-차장),Success Korea,서울,https://www.indeed.com/viewjob?jk=15c8fa49b690a9e5
Web 개발,Success Korea,서울 중구,https://www.indeed.com/viewjob?jk=c193b65defa6a4ec
운영(Business Operation Management) 경력자,유명메신저회사,서울 성동구,https://www.indeed.com/viewjob?jk=caccb1d9be6bc918
데이터모델링/BI기획,Success Korea,서울,https://www.indeed.com/viewjob?jk=061758a50515258f
Software Engineer in Test (SET),Success Korea,성남 분당구,https://www.indeed.com/viewjob?jk=4958c02183a2ccce
메신저앱 Family OS Client 개발,Success Korea,성남 분당구,https://www.indeed.com/viewjob?jk=9e3160233e816836
[신규사업실]시니어 Back-end 개발,Success Korea,서울,https://www.indeed.com/viewjob?jk=2cadf87cc64c38d6
서버개발 엔지니어(사원~대리),Success Korea,서울 가산디지털단지역,https://www.indeed.com/viewjob?jk=a7b63456fe29200d
Text 분석,Success Korea,서울,https://www.indeed.com/viewjob?jk=60097047695d7c71
빌링서버 개발자,Success Korea,서울,https://www.indeed.com/viewjob?jk=d9f1c1b5579f37c4
보안 개발전문가,Success Korea,서울 삼성동,https://www.indeed.com/viewjob?jk=dcc2877b33c5b511
머신러닝,Success Korea,서울 선릉역,https://www.indeed.com/viewjob?jk=5ecb57c806c47aa0
하둡 엔지니어 (긴급),Success Korea,서울 강남구,https://www.indeed.com/viewjob?jk=30a73289957a9676
응용프로그래머[팀장급],Success Korea,서울 성수동,https://www.indeed.com/viewjob?jk=12bca81588e3f9aa
테크니컬 아키텍트,Success Korea,서울,https://www.indeed.com/viewjob?jk=bc4a0e62c7c3d510
응용프로그래머,Success Korea,서울 성수동,https://www.indeed.com/viewjob?jk=e91a1e74c8e477b7
플랫폼 백엔드 개발,Success Korea,서울,https://www.indeed.com/viewjob?jk=9a159041784041c1
고객데이터 분석,Success Korea,서울,https://www.indeed.com/viewjob?jk=71dfe9e7b0f2643b
Machine Learning Engineer (이미지기술개발),Success Korea,서울,https://www.indeed.com/viewjob?jk=f2862292f0a18038
2020 Market Data Analyst - Seoul (Korean Speaker),Bloomberg,서울,https://www.indeed.com/viewjob?jk=212ca67d161b7162
HANA Core Developer,SAP,서울,https://www.indeed.com/viewjob?jk=0670de1bd35c0b7e
[Search] [Vision] Computer Vision Engineer 체험형 인턴,네이버,서울,https://www.indeed.com/viewjob?jk=a41d35173ffe4666
[쿠키런: 오븐브레이크] 데이터과학자 (인턴),데브시스터즈,서울 강남구,https://www.indeed.com/viewjob?jk=e201707ec35558c4
Production Data Analyst,하이퍼커넥트,서울,https://www.indeed.com/viewjob?jk=1dfcccd87594a1a8
Cross Border Ecommerce - Business Intelligence (Based in Seoul),Shopee,서울,https://www.indeed.com/viewjob?jk=b574f1454ae36aab
인프라 플랫폼 개발자,고도소프트,서울 구로구,https://www.indeed.com/viewjob?jk=2b1c5b35b97700fc
"[펜타시큐리티] 보안S/W 개발자 (DB, 인증, 클라우드)",펜타시큐리티시스템,서울 영등포구,https://www.indeed.com/viewjob?jk=2f75fbb26440b236
[단기계약직] Data Science 음성데이터의 정제,엔씨소프트,성남 판교역,https://www.indeed.com/viewjob?jk=3481b5bb15c1bf75
[NIT Service] NAVER IDC 서버 운영/관리(가산),엔아이티서비스,서울 금천구,https://www.indeed.com/viewjob?jk=7cd2c7c1940d523d
[S/W] AI Platform Engineer,현대자동차그룹,대한민국,https://www.indeed.com/viewjob?jk=fa17f0ac8afcb12b
JAVA기반 응용SW개발자 양성과정 훈련교사,중앙직업전문학교,대구 중구,https://www.indeed.com/viewjob?jk=80be11c9eec922ca
[전문연구요원] 컴퓨터비전/딥러닝/SLAM 영상처리 (경력2년),큐픽스,성남 분당구,https://www.indeed.com/viewjob?jk=351fbfd6c5264e50
"[기술플랫폼실] 빅데이터, 하둡(Hadoop) 플랫폼 운영 엔지니어 영입",카카오페이,성남 분당구,https://www.indeed.com/viewjob?jk=c602dd4006495fae
클라우드 인프라 운영 담당자 모집,넷마블,서울 구로구,https://www.indeed.com/viewjob?jk=bcd2f0630e298aa3
[정보보안] 보안분석 플랫폼 개발 및 운영 담당자,한국카카오은행,성남 분당구,https://www.indeed.com/viewjob?jk=94bf3c1c1c64fc87
"Senior software engineer (python, typescript, reactjs, nextjs, kafka, docker)",EverQuote Inc.,No office location,https://stackoverflow.com/jobs/385234
Graduate Software Developer,TPP,"Horsforth, UK",https://stackoverflow.com/jobs/386115
Platform Engineer,Common Code,"Melbourne, Australia",https://stackoverflow.com/jobs/414028
Backend Engineer (m/f/d) - Working Student or Intern,Motius GmbH,"München, Deutschland",https://stackoverflow.com/jobs/367229
"Python Developer (m/f/d) Berlin, Kreuzberg Startup",Grandperspective GmbH,"Berlin, Deutschland",https://stackoverflow.com/jobs/394237
Developer in Test,VisoTech,"Wien, Austria",https://stackoverflow.com/jobs/353018
(Senior) Software Engineer / Software Architect (m/f/d),appliedAI @ UnternehmerTUM GmbH,"Garching bei München, Deutschland",https://stackoverflow.com/jobs/345961
(Senior) Full stack developer (m/f/d),appliedAI @ UnternehmerTUM GmbH,"Garching bei München, Deutschland",https://stackoverflow.com/jobs/357680
(Senior) DevOps and Infrastructure Engineer (m/f/d),appliedAI @ UnternehmerTUM GmbH,"Garching bei München, Deutschland",https://stackoverflow.com/jobs/345957
(Senior) AI Engineer (m/f/d),appliedAI @ UnternehmerTUM GmbH,"Garching bei München, Deutschland",https://stackoverflow.com/jobs/345964
インフラエンジニア(設計・構築),アイレット株式会社,"Minato City, Japan",https://stackoverflow.com/jobs/385955
2021 新卒採用 ソフトウエア 、 インターネット関連、受託開発、情報処理,株式会社インフォシティ,"Shibuya City, Japan",https://stackoverflow.com/jobs/385947
システムエンジニア,株式会社シャインソフト,"Minato City, Japan",https://stackoverflow.com/jobs/385943
インフラエンジニア(設計・構築),アイレット株式会社,"Minato City, Japan",https://stackoverflow.com/jobs/385935
SE,株式会社イマジカデジタルスケープ,"Shinjuku City, Japan",https://stackoverflow.com/jobs/385613
Senior Back End Engineer - Java / Kotlin / Python,teckro,"Dublin, Ireland",https://stackoverflow.com/jobs/403329
Senior Backend Engineer,Deep Impact AG,"Winterthur, Switzerland",https://stackoverflow.com/jobs/403328
JavaScriptエンジニア,株式会社ヒトクセ,"Shinjuku City, Japan",https://stackoverflow.com/jobs/352954
Senior Python / Django Engineer,Sherpany AG,No office location,https://stackoverflow.com/jobs/360695
Data Analyst,PubMatic,"Pune, India",https://stackoverflow.com/jobs/414018
Perl Scripting Developer,Bloom Consulting Services,"Bengaluru, India",https://stackoverflow.com/jobs/414013
Web Developer - Full Stack,Justbooks,"Bengaluru, India",https://stackoverflow.com/jobs/414006
Senior Backend Developer,Klaxon India,"Bengaluru, India",https://stackoverflow.com/jobs/332418
vidya,Genius Consultants,"Bengaluru, India",https://stackoverflow.com/jobs/413994
Php Developer - Vue/Laravel,Benchire,"Bengaluru, India",https://stackoverflow.com/jobs/374638
